"Reference","Value","Datasheet","Footprint","Qty","DNP","DK Part Number","Is Good","Order Link"
"C1,C2,C11,C46","10u","~","Capacitor_SMD:C_1210_3225Metric","4","","1276-CL32B106KAJ4PNECT-ND","Y","https://www.digikey.com/en/products/detail/samsung-electro-mechanics/CL32B106KAJ4PNE/11487783?s=N4IgTCBcDaIMIBkDMYBCBGADANgNIEEApAFgAUA5AAhAF0BfIA"
"C3,C4,C5,C6,C14,C17,C21,C22,C33,C42,C43,C62,C63,C64,C73,C75,C80,C84,C85,C86,C87,C88,C89","4.7u","~","Capacitor_SMD:C_1206_3216Metric","23","","1276-3178-1-ND ","Y","https://www.digikey.com/en/products/detail/samsung-electro-mechanics/CL31B475KAHNNWE/3888836?s=N4IgTCBcDaIMIBkDMBGAQgFgOwFYDSAggBIByJA6iALoC%2BQA"
"C7,C8,C9,C10","100 uF","https://industrial.panasonic.com/ww/products/pt/os-con/models/20SVPF120M","Scan Generator:CAP_20SVPF120M","4","","P16498CT-ND","Y","https://www.digikey.com/en/products/detail/panasonic-electronic-components/20SVPF120M/4204830"
"C12,C13,C15,C16,C24,C26,C27,C28,C29,C31,C32,C34,C35,C36,C37,C38,C39,C40,C41,C44,C45,C47,C48,C49,C53,C56,C57,C60,C61,C65,C66,C67,C68,C69,C70,C71,C72,C76,C77,C78,C79,C81,C82,C83","0.1 uF","~","Capacitor_SMD:C_0603_1608Metric","44","","1276-1006-1-ND","Y","https://www.digikey.com/en/products/detail/samsung-electro-mechanics/CL10B104KA8NNNC/3886664"
"C18,C19,C20,C25","10u","~","Scan Generator:C_1210_3225_Kelvin_Connections","4","","1276-CL32B106KAJ4PNECT-ND","Y","https://www.digikey.com/en/products/detail/samsung-electro-mechanics/CL32B106KAJ4PNE/11487783?s=N4IgTCBcDaIMIBkDMYBCBGADANgNIEEApAFgAUA5AAhAF0BfIA"
"C30,C52,C54","2.2 uF","~","Capacitor_SMD:C_0603_1608Metric","3","","1276-2016-1-ND","Y","https://www.digikey.com/en/products/detail/samsung-electro-mechanics/CL10B225KP8NFNC/3887674?s=N4IgTCBcDaIMIBkCMAGAQmMBWA0gBQA4A5AMSJAF0BfIA"
"C50","12 pF","~","Capacitor_SMD:C_0603_1608Metric","1","","","Y","Assortment"
"C51,C55","C-Opt","~","Capacitor_SMD:C_0603_1608Metric","2","","","Y","Assortment"
"C58,C59","1 uF","~","Capacitor_SMD:C_0603_1608Metric","2","","1276-1945-1-ND","Y","https://www.digikey.com/en/products/detail/samsung-electro-mechanics/CL10B105KP8NFNC/3887603?s=N4IgTCBcDaIMIBkCMAGAQqgrAaQAoA4A5AMUJAF0BfIA"
"C74","C","~","Capacitor_SMD:C_0603_1608Metric","1","","","Y","Assortment"
"D1,D2,D3,D4,D5,D6,D8,D9","LED","~","LED_SMD:LED_0603_1608Metric","8","","3147-B1931UD--05D000314U1930CT-ND","Y","https://www.digikey.com/en/products/detail/harvatek-corporation/B1931UD-05D000314U1930/15861266?s=N4IgjCBcoMwOxVAYygMwIYBsDOBTANCAPZQDaIMAHAEwwCsALCALqEAOALlCAMocBOASwB2AcxABfQgDYAnIhApIGHAWJkQDAAyyYuluy6ReAkeKkhqW6QqUq8hEpHJhpeypQMhO3PkLGShGDUshDQimhYDurOFLLUDHQghHoJNqzeRib%2B5kGUDDC2kaqOGjBU0nTUXj7GfmaBIAC01eFKAgCuak7kSYTyzBZN8m1Qnd0aEIMSEkA"
"D7","SS423(TE85L,F)","https://toshiba.semicon-storage.com/info/1SS423_datasheet_en_20220720.pdf?did=4401&prodName=1SS423","Scan Generator:SOT-416","1","","1SS423(TE85LF)CT-ND ","Y","https://www.digikey.com/en/products/detail/toshiba-semiconductor-and-storage/1SS423-TE85L-F/4305011"
"D10,D11,D12","SMF20A","https://www.littelfuse.com/~/media/electronics/datasheets/tvs_diodes/littelfuse_tvs_diode_smf4l_datasheet.pdf.pdf","Diode_SMD:D_SMF","3","","18-SMF4L20AT1GCT-ND ","Y","https://www.digikey.com/en/products/detail/littelfuse-inc/SMF4L20AT1G/21320688"
"F1,F2,F3","Fuse_Small","~","","3","","F3137CT-ND","Y",""
"FB1,FB2,FB3,FB4","FerriteBead","~","Inductor_SMD:L_0603_1608Metric","4","","F12082CT-ND","y",""
"FH1,FH2,FH3","Fuse_Holder","https://www.littelfuse.com/~/media/electronics/datasheets/fuses/littelfuse_fuse_154_154t_154l_154tl_datasheet.pdf.pdf","Scan Generator:01550900M","3","","F1889-ND","Y",""
"FID1,FID2,FID3","Fiducial","~","Fiducial:Fiducial_0.75mm_Mask1.5mm","3","","","Y","NA"
"GNDA1,GNDA2,GNDA3,GNDA4,GNDA5,GNDA6,GNDA7,GNDA8,GNDA9,GNDA10,GNDA11,GNDA12,GNDA13,GNDA14,GNDA15,GNDA16,GNDD1,GNDD2,GNDD3,GNDD4,GNDD5,GNDD6,GNDD7,GNDD8","TestPoint","~","Scan Generator:GND Test Point WIth Dimensions","24","","","Y","NA"
"H1,H2,H3,H4","MountingHole","~","Scan Generator:MountingHole_3.5mm_Pad_Via_CrtYd","4","","","Y","NA"
"J1","Conn_01x04_Shielded","~","Scan Generator:M8 Right Angle Panel Mount Connector","1","","","Y","https://www.binder-usa.com/us-en/products/automation-technology/m8/86-6319-1121-00004-m8-male-panel-mount-connector-4-shieldable-tht-ip67-front-fastened"
"J2,J3,J4","Conn_02x10_Odd_Even","~","Scan Generator:IDC-Header_2x10_P2.54mm_Vertical_No_Pin_1_Mark","3","","WM20559-ND","Y",""
"J5,J6,J8","Coaxial Con Amphenol 031-5538-10RFX"," ~","Scan Generator:BNC_Amphenol_B6252HB-NPP3G-50_Horizontal_Flipable","3","","ARF1691-ND","Y",""
"J7","Conn_01x04_Shielded","~","Scan Generator:Female M8 Right Angle Panel Mount Connector","1","","","Y","https://www.binder-usa.com/us-en/products/automation-technology/m8/86-6618-1121-00004-m8-female-panel-mount-connector-4-shieldable-tht-ip67-m10x075-front-fastened"
"JP5,JP6,JP7","Jumper_3_Bridged12","~","Scan Generator:R_0603_1608Metric 2 pos sellector","3","","P0.0GCT-ND ","Y",""
"PowerGood1,TP+1,TP+2,TP+3.1,TP+3.2,TP-1,TP-2,TP_A+1,TP_A-1,TP_A3.1,TP_ADC_MSB1,TP_Clamped1,TP_Clk_A1,TP_Clk_D2,TP_D3.1,TP_IA_X1,TP_IA_Y1,TP_IB_X1,TP_IB_Y1,TP_In1,TP_Offset1,TP_Range1,TP_Sum1,TP_Vcom1,TP_X_A1,TP_X_B1,TP_X_MSB1,TP_X_Offset1,TP_X_Out1,TP_Y_A1,TP_Y_B1,TP_Y_MSB1,TP_Y_Offset1,TP_Y_Out1","TestPoint","~","TestPoint:TestPoint_Pad_D1.0mm","34","","","","NA"
"Q1,Q2,Q3,Q4","MMBT3904TT1G","https://www.onsemi.com/pdf/datasheet/mmbt3904tt1-d.pdf","Scan Generator:SOT-416","4","","MMBT3904TT1GOSCT-ND","Y","https://www.digikey.com/en/products/detail/onsemi/MMBT3904TT1G/919603"
"R1,R83","33k","~","Resistor_SMD:R_0603_1608Metric","2","","P33KBDCT-ND","Y",""
"R2,R16","140k","~","Resistor_SMD:R_0603_1608Metric","2","","A124703CT-ND","y",""
"R3,R89","3.3K","~","Resistor_SMD:R_0603_1608Metric","2","","","","Assortment"
"R4,R84","1.5K","~","Resistor_SMD:R_0603_1608Metric","2","","","","Assortment"
"R5,R17,R43,R44,R49,R52,R53,R54,R55,R56,R57,R94","1K","~","Resistor_SMD:R_0603_1608Metric","12","","A139971CT-ND","y",""
"R6,R8,R11,R13,R18,R20,R22,R85,R88","10k","~","Resistor_SMD:R_0603_1608Metric","9","","P10KBDCT-ND","y",""
"R7,R9,R15,R21","13K","~","Resistor_SMD:R_0603_1608Metric","4","","","","Assortment"
"R10,R87","90.9K","~","Resistor_SMD:R_0603_1608Metric","2","","P90.9KDBCT-ND","y",""
"R12,R19","392K","~","Resistor_SMD:R_0603_1608Metric","2","","P392KHCT-ND","y",""
"R14,R86","68.1","~","Resistor_SMD:R_0603_1608Metric","2","","","","Assortment"
"R27","10.2k","~","Resistor_SMD:R_0603_1608Metric","1","","A139979CT-ND","y",""
"R28","37.4k","~","Resistor_SMD:R_0603_1608Metric","1","","A140753CT-ND","y",""
"R29,R30","2.49K","~","Resistor_SMD:R_0603_1608Metric","2","","A140593CT-ND","y",""
"R31,R32,R33,R34,R35,R36","25","~","Resistor_SMD:R_0603_1608Metric","6","","13-RP0603BRD0725RLCT-ND","Y",""
"R37,R38,R39,R40","301","~","Resistor_SMD:R_0603_1608Metric","4","","A140730CT-ND","y",""
"R41,R42,R45,R46","4.99K","~","Resistor_SMD:R_1206_3216Metric","4","","541-9840-1-ND","y",""
"R47,R48,R50,R51,R62,R63","0","~","Resistor_SMD:R_0603_1608Metric","6","","A106051CT-ND","Y",""
"R58,R61,R64","500","~","Resistor_SMD:R_0603_1608Metric","3","","541-3301-1-ND ","Y",""
"R59,R60,R75,R81","1.82K","~","Resistor_SMD:R_0603_1608Metric","4","","A140440CT-ND","y",""
"R65,R68,R69,R71,R72,R74,R76,R77,R78,R79,R80,R82","R","~","Resistor_SMD:R_0603_1608Metric","12","","","y","Assortment"
"R66,R67","4.99k","~","Resistor_SMD:R_0603_1608Metric","2","","A139820CT-ND","y",""
"R70,R73","R","~","Scan Generator:Reduced_pads_R_Axial_DIN0204_L3.6mm_D1.6mm_P5.08mm_Horizontal","2","DNP","","y","DNP"
"R90","14k","~","Resistor_SMD:R_0603_1608Metric","1","","10-ERA-3ARB1402VCT-ND","y",""
"R91","14.3k","~","Resistor_SMD:R_0603_1608Metric","1","","A140153CT-ND","y",""
"R92","10.5k","~","Resistor_SMD:R_0603_1608Metric","1","","A139980CT-ND","y",""
"R93","22.1k","~","Resistor_SMD:R_0603_1608Metric","1","","A140455CT-ND","y",""
"R95","2K","~","Resistor_SMD:R_0603_1608Metric","1","","A140444CT-ND","y",""
"R96","R","~","Resistor_SMD:R_0603_1608Metric","1","DNP","","y","DNP"
"RV1,RV2,RV5,RV6,RV7","20K","https://www.bourns.com/docs/Product-Datasheets/3224.pdf","Potentiometer_SMD:Potentiometer_Bourns_3224W_Vertical","5","","118-3224W-1-203ECT-ND","Y","https://www.digikey.com/en/products/detail/bourns-inc/3224W-1-203E/225661"
"RV3","10K","https://www.bourns.com/docs/Product-Datasheets/3224.pdf","Potentiometer_SMD:Potentiometer_Bourns_3224W_Vertical","1","","3224W-103ECT-ND","Y","https://www.digikey.com/en/products/detail/bourns-inc/3224W-1-103E/225660"
"SW1,SW2,SW3,SW4,SW5,SW6","~","https://www.nidec-copal-electronics.com/e/catalog/switch/cs-4.pdf","Scan Generator:Nidec SP4T CS-4-14NTA","6","","563-1037-1-ND","Y","https://www.digikey.com/en/products/detail/nidec-components-corporation/CS-4-14NTA/948348"
"U1,U2,U19","LT3045","https://www.analog.com/media/en/technical-documentation/data-sheets/LT3045.pdf","Package_SO:MSOP-12-1EP_3x4mm_P0.65mm_EP1.65x2.85mm_ThermalVias","3","","505-LT3045IMSE#TRPBFCT-ND","Y","https://www.digikey.com/en/products/detail/analog-devices-inc/LT3045IMSE-TRPBF/6235368"
"U3","LT3094_MSE","https://www.analog.com/media/en/technical-documentation/data-sheets/LT3094.pdf","Package_SO:MSOP-12-1EP_3x4mm_P0.65mm_EP1.65x2.85mm_ThermalVias","1","","505-LT3094EMSE#TRPBFCT-ND","Y","https://www.digikey.com/en/products/detail/analog-devices-inc/LT3094EMSE-TRPBF/9606784"
"U4,U5,U6","SN74ALVCH16374DGGR","","Package_SO:TSSOP-48_6.1x12.5mm_P0.5mm","3","","296-1144-1-ND","Y",""
"U7,U8","AD9744ARUZ","https://www.analog.com/media/en/technical-documentation/data-sheets/AD9744.pdf","Package_SO:TSSOP-28_4.4x9.7mm_P0.65mm","2","","505-AD9744ARUZ-ND","Y","https://www.digikey.com/en/products/detail/analog-devices-inc/AD9744ARUZ/936549"
"U9","LTC2246HLX#PBF","","Package_QFP:LQFP-48_7x7mm_P0.5mm","1","","LTC2246HLX#PBF-ND","Y","https://www.digikey.com/en/products/detail/analog-devices-inc/LTC2246HLX-PBF/1931208"
"U10","AD8137YRZ","","Scan Generator:SOIC-8_3.9x4.9mm_P1.27mm","1","","505-AD8137YRZ-ND","Y","https://www.digikey.com/en/products/detail/analog-devices-inc/AD8137YRZ/669749"
"U11,U12","THS4151","https://www.ti.com/lit/ds/symlink/ths4150.pdf","Scan Generator:HVSSOP-8-1_Expanded_Thermal_Pad_P0.65mm_EP1.57x1.89mm_ThermalVias","2","","296-13344-1-ND","Y",""
"U13,U14,U15,U16,U17,U18","LT1363","https://www.analog.com/media/en/technical-documentation/data-sheets/1363fa.pdf","Scan Generator:SOIC-8_3.9x4.9mm_P1.27mm","6","","505-LT1363CS8#TRPBFCT-ND","Y","https://www.digikey.com/en/products/detail/analog-devices-inc/LT1363CS8-TRPBF/958986"
"U20","7430","https://www.ti.com/general/docs/suppproductinfo.tsp?distId=10&gotoUrl=https%3A%2F%2Fwww.ti.com%2Flit%2Fgpn%2Fcd74hc30","Package_SO:TSSOP-14_4.4x5mm_P0.65mm","1","","296-28615-1-ND ","Y","https://www.digikey.com/en/products/detail/texas-instruments/CD74HC30PWR/1506969"
